{
  "split": 1,
  "seed": 2,
  "accuracy_mean": 0.7331196725541856,
  "accuracy_std": 0.08011525101651741,
  "f1_mean": 0.6525473838139695,
  "f1_std": 0.09848367935667181,
  "task_accuracies": [
    0.6243875884594448,
    0.8003182179793158,
    0.5817236255572066,
    0.785765636232926,
    0.737062937062937,
    0.780466724286949,
    0.746268656716418,
    0.8342541436464088,
    0.7647790914747977,
    0.8079561042524005,
    0.7784552845528455,
    0.6914986853637161,
    0.5976190476190476
  ],
  "task_f1_scores": [
    0.547349064888041,
    0.7654598172382547,
    0.5466595773108286,
    0.6031914714207344,
    0.6870183043936089,
    0.6960855651652338,
    0.6124559767283224,
    0.8047176853219618,
    0.7436120996527869,
    0.7485248328579462,
    0.7007722083601753,
    0.5479335368431413,
    0.47933584940056884
  ]
}