{
  "split": 3,
  "seed": 8,
  "accuracy_mean": 0.6695416852336903,
  "accuracy_std": 0.12098707570122309,
  "f1_mean": 0.6105328519667954,
  "f1_std": 0.12693099862914084,
  "task_accuracies": [
    0.5975994946304485,
    0.7247557003257329,
    0.8709677419354839,
    0.5622317596566524,
    0.7182692307692308,
    0.4940867279894875,
    0.7648017381857686,
    0.8266129032258065,
    0.45161290322580644,
    0.6642174871418075,
    0.6602564102564102,
    0.7710084033613446,
    0.597621407333994
  ],
  "task_f1_scores": [
    0.5830306674349017,
    0.7126665264218394,
    0.8074585779394132,
    0.4830604303487222,
    0.713111147266132,
    0.442584744925737,
    0.7188489173338709,
    0.6541082439497468,
    0.3999390045543266,
    0.5287643374092182,
    0.6511456890237317,
    0.7588791521627716,
    0.4833296367979293
  ]
}