{
  "split": 0,
  "seed": 1,
  "accuracy_mean": 0.6902073303253091,
  "accuracy_std": 0.10083289257295035,
  "f1_mean": 0.6290593187758925,
  "f1_std": 0.10255791360651328,
  "task_accuracies": [
    0.5609939759036144,
    0.6188068756319515,
    0.827460510328068,
    0.8102025506376594,
    0.6302616609783845,
    0.7022900763358778,
    0.6619190404797601,
    0.6835051546391753,
    0.698371335504886,
    0.6167621776504298,
    0.5136540962288687,
    0.8246656760772659,
    0.8238021638330757
  ],
  "task_f1_scores": [
    0.5488331596779111,
    0.5089311682875562,
    0.7823204972925915,
    0.7668226999493978,
    0.5066293165596626,
    0.658986985891722,
    0.5493144144372912,
    0.608595434937057,
    0.6359059937719774,
    0.5844453101731139,
    0.5085291908835302,
    0.7472854447554944,
    0.7711715274692974
  ]
}