{
  "split": 2,
  "seed": 4,
  "accuracy_mean": 0.653632371853254,
  "accuracy_std": 0.17921648655245906,
  "f1_mean": 0.6046045995854376,
  "f1_std": 0.17099683137722552,
  "task_accuracies": [
    0.3845528455284553,
    0.8602554470323065,
    0.7175018155410312,
    0.5030674846625767,
    0.8419889502762431,
    0.5309446254071661,
    0.8372365339578455,
    0.49160671462829736,
    0.6190095846645367,
    0.8731778425655977,
    0.41823899371069184,
    0.5453834115805947,
    0.8742565845369583
  ],
  "task_f1_scores": [
    0.4140937817868493,
    0.6947730135652936,
    0.67083929237243,
    0.3491808845102943,
    0.7731592087516075,
    0.5005531220786816,
    0.7583978297775043,
    0.49224981381656985,
    0.5089616557157581,
    0.8641564471055496,
    0.40183087267849177,
    0.560626253493752,
    0.8710376189579053
  ]
}