{
  "split": 4,
  "seed": 16,
  "accuracy_mean": 0.660721707260149,
  "accuracy_std": 0.1305782800629982,
  "f1_mean": 0.6077722215402294,
  "f1_std": 0.10837770343326697,
  "task_accuracies": [
    0.802827965435978,
    0.716852010265184,
    0.46106870229007635,
    0.488929889298893,
    0.7054735013032146,
    0.7471830985915493,
    0.8107142857142857,
    0.5656689065363469,
    0.4836193447737909,
    0.6604886267902275,
    0.8927038626609443,
    0.6421568627450981,
    0.6116951379763469
  ],
  "task_f1_scores": [
    0.6978363584965871,
    0.629477997563658,
    0.5058766188239063,
    0.47621707017933124,
    0.6762290574401671,
    0.6583432264987162,
    0.6812606399544322,
    0.5556506888657781,
    0.4357554928466671,
    0.5363812573171064,
    0.8533952897032103,
    0.5433391532137237,
    0.6512760291196964
  ]
}